Model,MSE,R2,TOPSIS_Score,Rank
Poly2,634.118384,0.984556,1,1
Poly3,640.680463,0.98439,0.99999,2
KNN,49332.16537,-0.201491,0.927872,3
Linear,67261.19942,-0.638154,0.901316,4
NN_Wide,319832.9893,-6.78957,0.527223,5
NN2,336172.5973,-7.187523,0.503022,6
NN_Deep,614391.5758,-13.963578,0.090942,7
NN1,675791.6205,-15.458984,0,8
